1997-1998
1997-12-30
Tuesday, December 30, 1997	Tuesday, December 30, 1997	Tuesday, December 30, 1997	Tuesday, December 30, 1997	Tuesday, December 30, 1997	Tuesday, December 30, 1997	Tuesday, December 30, 1997	Tuesday, December 30, 1997	Tuesday, December 30, 1997	Tuesday, December 30, 1997	Tuesday, December 30, 1997	Tuesday, December 30, 1997	Tuesday, December 30, 1997	Tuesday, December 30, 1997	Tuesday, December 30, 1997	Tuesday, December 30, 1997	Tuesday, December 30, 1997	Tuesday, December 30, 1997	Tuesday, December 30, 1997	Tuesday, December 30, 1997	Tuesday, December 30, 1997	Tuesday, December 30, 1997	Tuesday, December 30, 1997	Tuesday, December 30, 1997	Tuesday, December 30, 1997	Tuesday, December 30, 1997	Tuesday, December 30, 1997	Tuesday, December 30, 1997	Tuesday, December 30, 1997	Tuesday, December 30, 1997	Tuesday, December 30, 1997	Tuesday, December 30, 1997	Tuesday, December 30, 1997	Tuesday, December 30, 1997	Tuesday, December 30, 1997	Tuesday, December 30, 1997	Tuesday, December 30, 1997	Tuesday, December 30, 1997	Tuesday, December 30, 1997	Tuesday, December 30, 1997	Tuesday, December 30, 1997	Tuesday, December 30, 1997	Tuesday, December 30, 1997	Tuesday, December 30, 1997	Tuesday, December 30, 1997	Tuesday, December 30, 1997	Tuesday, December 30, 1997	Tuesday, December 30, 1997	Tuesday, December 30, 1997	Tuesday, December 30, 1997	Tuesday, December 30, 1997	Tuesday, December 30, 1997	Tuesday, December 30, 1997	Tuesday, December 30, 1997	Tuesday, December 30, 1997	Tuesday, December 30, 1997	Tuesday, December 30, 1997	Tuesday, December 30, 1997	Tuesday, December 30, 1997	Tuesday, December 30, 1997	Tuesday, December 30, 1997	Tuesday, December 30, 1997	Tuesday, December 30, 1997	Tuesday, December 30, 1997	Tuesday, December 30, 1997	Tuesday, December 30, 1997	Tuesday, December 30, 1997	Tuesday, December 30, 1997	Tuesday, December 30, 1997	Tuesday, December 30, 1997	Tuesday, December 30, 1997	Tuesday, December 30, 1997	Tuesday, December 30, 1997	
home	neutral	home	neutral	neutral	home	home	neutral	neutral	neutral	away	neutral	neutral	neutral	away	neutral	away	neutral	away	neutral	away	home	neutral	neutral	neutral	away	neutral	neutral	neutral	neutral	neutral	away	neutral	home	neutral	home	neutral	neutral	home	neutral	neutral	neutral	neutral	neutral	home	neutral	away	home	away	neutral	neutral	neutral	neutral	away	neutral	neutral	neutral	neutral	away	home	neutral	away	neutral	away	neutral	away	neutral	neutral	neutral	neutral	neutral	away	neutral	
Anderson County	Ashland Blazer	Atherton	Barren County	Bellbrook, OH	Beth Haven	Bishop Brossart	Bishop-Lofflin	Bowling Green	Bowling Green	Boyd County	Breckinridge County	Brown	Bryan Station	Bullitt Central	Caverna	Central Park, AL	Choctaw High, FL	Christian County	Cleveland, TN	Conner	Corbin	Cordia	Covington Catholic	Covington, TN	DeSales	Doss	Doss	East Jessamine	Eastern	Evangel Christian	Fairdale	Feds Creek	Fort Pierce, FL	Franklin County	Frederick Fraize	Gallatin County	George Rogers Clark	Glasgow	Glynn Academny, GA	Graves County	Greenwood	Harrison County	Hart County	Holmes	Holy Cross (Louisville)	Holy Cross (Louisville)	Lexington Catholic	Lincoln County	Lloyd Memorial	Madison Central	Madison Central	McCreary Central	Middlesboro	Monroe County	Mt. Vernon, IL	North Bullitt	North Hardin	Ohio County	Owen County	Paris	Pendleton County	Russellville	Ryle	Sacred Heart, CA	Shawnee	Simon Kenton	Southern	Union County	Webster County	West Carter	Western	Whitefield Academy	
team_2004	team_2203	team_2007	team_2013	team_3586	team_2020	team_2023	team_3551	team_2026	team_2026	team_2027	team_2031	team_2032	team_2033	team_2035	team_2047	team_3527	team_3561	team_2052	team_2626	team_2056	team_2057	team_2058	team_2059	team_3548	team_2069	team_2071	team_2071	team_2074	team_2075	team_2082	team_2084	team_2086	team_3570	team_2093	team_2095	team_2098	team_2100	team_2101	team_3552	team_2103	team_2107	team_2110	team_2112	team_2122	team_2124	team_2124	team_2147	team_2149	team_2151	team_2158	team_2158	team_2167	team_2173	team_2177	team_3544	team_2189	team_2190	team_2193	team_2196	team_2202	team_2205	team_2229	team_2230	team_3542	team_2236	team_2241	team_2246	team_2260	team_2271	team_2272	team_2275	team_2121	
47	79	86	63	72	67	54	63	64	85	54	70	75	70	80	96	75	76	63	88	76	63	82	65	65	69	59	69	35	63	66	71	68	68	74	65	74	50	74	65	73	59	72	90	64	57	64	87	76	67	44	63	75	53	59	66	72	59	72	60	75	62	68	56	62	71	65	60	73	54	65	77	71	
East Carter	Scott County	Bullitt East	Hancock County	Danville	Evangel Christian	St. Henry	University Heights	Ryle	Apollo	Vero Beach, FL	Allen Central	Silver Grove	Wheeling Park, WV	Burgin	Henry County	Beth Haven	Hopkinsville	Poplar Bluff, MO	Metcalfe County	Bracken County	Lexington, SC	Bishop Donahue, WV	Father Ryan, TN	Carlisle County	Seneca	Russellville	West Carter	Frankfort	Tennessee High	Kentucky Country Day	Crestview, FL	Pike County Central	June Buchanan	Williamsburg	Butler County	Carroll County	Highlands	Oldham County	Male	Booker T. Washington, OK	Father Lopez, FL	Bell County	Christian Academy-Louisville	Cincinnati Woodward, OH	Lloyd Memorial	Atherton	Pleasure Ridge Park	Nelson County	Bullitt East	Webster County	Paris	Landmark Christian, GA	Seymore, TN	Warren East	Paducah Tilghman	St. Brendan, FL	Fleming County	Muhlenberg South	Walton-Verona	Monticello	Scott	Ballard Memorial	Daviess County	Ballard	Spencer County	Moore	Bardstown	Jackson County	Monticello	Ballard Memorial	Valley	Lexington Christian	
team_2073	team_2234	team_2036	team_2108	team_2064	team_2082	team_2249	team_2261	team_2230	team_2005	team_3558	team_2002	team_2240	team_3529	team_2037	team_2117	team_2020	team_2127	team_3550	team_2172	team_2029	team_2627	team_3546	team_3547	team_2044	team_2235	team_2229	team_2272	team_2092	team_2633	team_2135	team_3545	team_2209	team_2134	team_2278	team_2039	team_2045	team_2120	team_2194	team_2162	team_3543	team_3556	team_2017	team_2051	team_2511	team_2151	team_2007	team_2212	team_2185	team_2036	team_2271	team_2202	team_2628	team_3553	team_2268	team_2200	team_3549	team_2088	team_2183	team_2266	team_2179	team_2233	team_2010	team_2065	team_2009	team_2247	team_2180	team_2012	team_2130	team_2179	team_2010	team_2262	team_2148	
42	69	66	58	69	66	52	54	57	72	48	60	58	65	50	77	58	60	59	64	48	48	65	53	51	61	56	55	34	54	57	56	62	46	62	55	63	35	39	57	47	49	64	79	61	29	52	70	66	63	33	53	68	34	49	52	55	55	50	44	51	47	44	42	47	46	57	46	45	43	56	67	56	
0	0	0	0	0	0	0	0	0	0	0	0	0	0	0	0	0	0	0	0	0	0	0	0	0	0	0	0	0	0	0	0	0	0	0	0	0	0	0	0	0	0	0	0	1	0	0	0	0	0	0	0	0	0	0	0	0	0	0	0	0	0	0	0	0	0	0	0	0	0	0	0	0	
0	0	0	0	0	0	0	0	0	0	0	0	0	0	0	0	0	0	0	0	0	0	0	0	0	0	0	0	0	0	0	0	0	0	0	0	0	0	0	0	0	0	0	0	0	0	0	0	0	0	0	0	0	0	0	0	0	0	0	0	0	0	0	0	0	0	0	0	0	0	0	0	0	